id,age,agecat,sex,order,boxtype,trialtype,order2,trialno,side,response,correct
14,5,five,1,penfirst,blue-right,pen,1,1,L,R,1
14,5,five,1,penfirst,blue-right,pen,1,2,R,L,1
14,5,five,1,penfirst,blue-right,pen,1,3,R,L,1
14,5,five,1,penfirst,blue-right,pen,1,4,L,R,1
14,5,five,1,penfirst,blue-right,pen,1,5,R,L,1
14,5,five,1,penfirst,blue-right,pen,1,6,L,R,1
14,5,five,1,penfirst,blue-right,pen,1,7,L,R,1
14,5,five,1,penfirst,blue-right,pen,1,8,R,L,1
14,5,five,1,penfirst,blue-right,sticker,2,1,R,R,1
14,5,five,1,penfirst,blue-right,sticker,2,2,L,L,1
14,5,five,1,penfirst,blue-right,sticker,2,3,L,L,1
14,5,five,1,penfirst,blue-right,sticker,2,4,R,R,1
14,5,five,1,penfirst,blue-right,sticker,2,5,R,R,1
14,5,five,1,penfirst,blue-right,sticker,2,6,L,L,1
14,5,five,1,penfirst,blue-right,sticker,2,7,R,R,1
14,5,five,1,penfirst,blue-right,sticker,2,8,R,R,1
15,4,four,1,penfirst,blue-right,pen,1,1,R,L,1
15,4,four,1,penfirst,blue-right,pen,1,2,L,R,1
15,4,four,1,penfirst,blue-right,pen,1,3,L,R,1
15,4,four,1,penfirst,blue-right,pen,1,4,R,L,1
15,4,four,1,penfirst,blue-right,pen,1,5,L,R,1
15,4,four,1,penfirst,blue-right,pen,1,6,R,R,0
15,4,four,1,penfirst,blue-right,pen,1,7,R,L,1
15,4,four,1,penfirst,blue-right,pen,1,8,L,R,1
15,4,four,1,penfirst,blue-right,sticker,2,1,L,L,1
15,4,four,1,penfirst,blue-right,sticker,2,2,R,R,1
15,4,four,1,penfirst,blue-right,sticker,2,3,R,L,0
15,4,four,1,penfirst,blue-right,sticker,2,4,L,L,1
15,4,four,1,penfirst,blue-right,sticker,2,5,L,L,1
15,4,four,1,penfirst,blue-right,sticker,2,6,R,R,1
15,4,four,1,penfirst,blue-right,sticker,2,7,L,L,1
15,4,four,1,penfirst,blue-right,sticker,2,8,L,L,1
16,4,four,2,stickerfirst,blue-right,pen,2,1,L,R,1
16,4,four,2,stickerfirst,blue-right,pen,2,2,R,L,1
16,4,four,2,stickerfirst,blue-right,pen,2,3,R,L,1
16,4,four,2,stickerfirst,blue-right,pen,2,4,L,R,1
16,4,four,2,stickerfirst,blue-right,pen,2,5,L,R,1
16,4,four,2,stickerfirst,blue-right,pen,2,6,R,R,0
16,4,four,2,stickerfirst,blue-right,pen,2,7,L,L,0
16,4,four,2,stickerfirst,blue-right,pen,2,8,L,L,0
16,4,four,2,stickerfirst,blue-right,sticker,1,1,R,R,1
16,4,four,2,stickerfirst,blue-right,sticker,1,2,L,L,1
16,4,four,2,stickerfirst,blue-right,sticker,1,3,L,R,0
16,4,four,2,stickerfirst,blue-right,sticker,1,4,R,R,1
16,4,four,2,stickerfirst,blue-right,sticker,1,5,L,L,1
16,4,four,2,stickerfirst,blue-right,sticker,1,6,R,R,1
16,4,four,2,stickerfirst,blue-right,sticker,1,7,R,R,1
16,4,four,2,stickerfirst,blue-right,sticker,1,8,L,L,1
17,5,five,2,penfirst,blue-right,pen,1,1,L,R,1
17,5,five,2,penfirst,blue-right,pen,1,2,L,R,1
17,5,five,2,penfirst,blue-right,pen,1,3,R,L,1
17,5,five,2,penfirst,blue-right,pen,1,4,L,R,1
17,5,five,2,penfirst,blue-right,pen,1,5,R,L,1
17,5,five,2,penfirst,blue-right,pen,1,6,L,R,1
17,5,five,2,penfirst,blue-right,pen,1,7,R,L,1
17,5,five,2,penfirst,blue-right,pen,1,8,R,L,1
17,5,five,2,penfirst,blue-right,sticker,2,1,R,R,1
17,5,five,2,penfirst,blue-right,sticker,2,2,R,R,1
17,5,five,2,penfirst,blue-right,sticker,2,3,L,L,1
17,5,five,2,penfirst,blue-right,sticker,2,4,L,L,1
17,5,five,2,penfirst,blue-right,sticker,2,5,R,R,1
17,5,five,2,penfirst,blue-right,sticker,2,6,R,R,1
17,5,five,2,penfirst,blue-right,sticker,2,7,L,L,1
17,5,five,2,penfirst,blue-right,sticker,2,8,R,R,1
18,3,three,1,stickerfirst,blue-right,pen,2,1,R,L,1
18,3,three,1,stickerfirst,blue-right,pen,2,2,L,L,0
18,3,three,1,stickerfirst,blue-right,pen,2,3,L,L,0
18,3,three,1,stickerfirst,blue-right,pen,2,4,R,R,0
18,3,three,1,stickerfirst,blue-right,pen,2,5,R,L,1
18,3,three,1,stickerfirst,blue-right,pen,2,6,L,L,0
18,3,three,1,stickerfirst,blue-right,pen,2,7,R,L,1
18,3,three,1,stickerfirst,blue-right,pen,2,8,R,R,0
18,3,three,1,stickerfirst,blue-right,sticker,1,1,L,R,0
18,3,three,1,stickerfirst,blue-right,sticker,1,2,R,L,0
18,3,three,1,stickerfirst,blue-right,sticker,1,3,R,R,1
18,3,three,1,stickerfirst,blue-right,sticker,1,4,L,L,1
18,3,three,1,stickerfirst,blue-right,sticker,1,5,R,R,1
18,3,three,1,stickerfirst,blue-right,sticker,1,6,L,L,1
18,3,three,1,stickerfirst,blue-right,sticker,1,7,L,L,1
18,3,three,1,stickerfirst,blue-right,sticker,1,8,R,R,1
19,3,three,1,penfirst,blue-right,pen,1,1,L,R,1
19,3,three,1,penfirst,blue-right,pen,1,2,L,R,1
19,3,three,1,penfirst,blue-right,pen,1,3,R,L,1
19,3,three,1,penfirst,blue-right,pen,1,4,L,R,1
19,3,three,1,penfirst,blue-right,pen,1,5,R,L,1
19,3,three,1,penfirst,blue-right,pen,1,6,R,R,0
19,3,three,1,penfirst,blue-right,pen,1,7,L,R,1
19,3,three,1,penfirst,blue-right,pen,1,8,R,R,0
19,3,three,1,penfirst,blue-right,sticker,2,1,R,L,0
19,3,three,1,penfirst,blue-right,sticker,2,2,L,L,1
19,3,three,1,penfirst,blue-right,sticker,2,3,R,R,1
19,3,three,1,penfirst,blue-right,sticker,2,4,L,L,1
19,3,three,1,penfirst,blue-right,sticker,2,5,R,L,0
19,3,three,1,penfirst,blue-right,sticker,2,6,L,L,1
19,3,three,1,penfirst,blue-right,sticker,2,7,R,R,1
19,3,three,1,penfirst,blue-right,sticker,2,8,R,R,1
21,5,five,1,stickerfirst,blue-right,pen,2,1,R,L,1
21,5,five,1,stickerfirst,blue-right,pen,2,2,L,R,1
21,5,five,1,stickerfirst,blue-right,pen,2,3,L,R,1
21,5,five,1,stickerfirst,blue-right,pen,2,4,R,L,1
21,5,five,1,stickerfirst,blue-right,pen,2,5,R,L,1
21,5,five,1,stickerfirst,blue-right,pen,2,6,L,R,1
21,5,five,1,stickerfirst,blue-right,pen,2,7,R,L,1
21,5,five,1,stickerfirst,blue-right,pen,2,8,L,R,1
21,5,five,1,stickerfirst,blue-right,sticker,1,1,L,L,1
21,5,five,1,stickerfirst,blue-right,sticker,1,2,R,R,1
21,5,five,1,stickerfirst,blue-right,sticker,1,3,R,R,1
21,5,five,1,stickerfirst,blue-right,sticker,1,4,L,L,1
21,5,five,1,stickerfirst,blue-right,sticker,1,5,R,R,1
21,5,five,1,stickerfirst,blue-right,sticker,1,6,L,L,1
21,5,five,1,stickerfirst,blue-right,sticker,1,7,L,L,1
21,5,five,1,stickerfirst,blue-right,sticker,1,8,R,R,1
22,5,five,2,stickerfirst,blue-right,pen,2,1,R,L,1
22,5,five,2,stickerfirst,blue-right,pen,2,2,L,R,1
22,5,five,2,stickerfirst,blue-right,pen,2,3,R,L,1
22,5,five,2,stickerfirst,blue-right,pen,2,4,L,R,1
22,5,five,2,stickerfirst,blue-right,pen,2,5,R,L,1
22,5,five,2,stickerfirst,blue-right,pen,2,6,L,R,1
22,5,five,2,stickerfirst,blue-right,pen,2,7,L,R,1
22,5,five,2,stickerfirst,blue-right,pen,2,8,R,L,1
22,5,five,2,stickerfirst,blue-right,sticker,1,1,L,L,1
22,5,five,2,stickerfirst,blue-right,sticker,1,2,L,L,1
22,5,five,2,stickerfirst,blue-right,sticker,1,3,R,R,1
22,5,five,2,stickerfirst,blue-right,sticker,1,4,L,L,1
22,5,five,2,stickerfirst,blue-right,sticker,1,5,R,R,1
22,5,five,2,stickerfirst,blue-right,sticker,1,6,R,R,1
22,5,five,2,stickerfirst,blue-right,sticker,1,7,L,L,1
22,5,five,2,stickerfirst,blue-right,sticker,1,8,R,R,1
25,4,four,1,stickerfirst,blue-right,pen,2,1,R,R,0
25,4,four,1,stickerfirst,blue-right,pen,2,2,L,L,0
25,4,four,1,stickerfirst,blue-right,pen,2,3,L,R,1
25,4,four,1,stickerfirst,blue-right,pen,2,4,R,L,1
25,4,four,1,stickerfirst,blue-right,pen,2,5,R,L,1
25,4,four,1,stickerfirst,blue-right,pen,2,6,L,R,1
25,4,four,1,stickerfirst,blue-right,pen,2,7,R,L,1
25,4,four,1,stickerfirst,blue-right,pen,2,8,L,R,1
25,4,four,1,stickerfirst,blue-right,sticker,1,1,L,L,1
25,4,four,1,stickerfirst,blue-right,sticker,1,2,R,R,1
25,4,four,1,stickerfirst,blue-right,sticker,1,3,R,R,1
25,4,four,1,stickerfirst,blue-right,sticker,1,4,L,L,1
25,4,four,1,stickerfirst,blue-right,sticker,1,5,R,R,1
25,4,four,1,stickerfirst,blue-right,sticker,1,6,L,L,1
25,4,four,1,stickerfirst,blue-right,sticker,1,7,L,L,1
25,4,four,1,stickerfirst,blue-right,sticker,1,8,R,R,1
26,4,four,2,stickerfirst,blue-right,pen,2,1,R,L,1
26,4,four,2,stickerfirst,blue-right,pen,2,2,L,L,0
26,4,four,2,stickerfirst,blue-right,pen,2,3,R,L,1
26,4,four,2,stickerfirst,blue-right,pen,2,4,L,R,1
26,4,four,2,stickerfirst,blue-right,pen,2,5,R,L,1
26,4,four,2,stickerfirst,blue-right,pen,2,6,L,R,1
26,4,four,2,stickerfirst,blue-right,pen,2,7,L,L,0
26,4,four,2,stickerfirst,blue-right,pen,2,8,R,L,1
26,4,four,2,stickerfirst,blue-right,sticker,1,1,L,R,0
26,4,four,2,stickerfirst,blue-right,sticker,1,2,L,R,0
26,4,four,2,stickerfirst,blue-right,sticker,1,3,R,L,0
26,4,four,2,stickerfirst,blue-right,sticker,1,4,L,L,1
26,4,four,2,stickerfirst,blue-right,sticker,1,5,R,R,1
26,4,four,2,stickerfirst,blue-right,sticker,1,6,R,R,1
26,4,four,2,stickerfirst,blue-right,sticker,1,7,L,L,1
26,4,four,2,stickerfirst,blue-right,sticker,1,8,R,R,1
29,5,five,2,stickerfirst,blue-right,pen,2,1,R,L,1
29,5,five,2,stickerfirst,blue-right,pen,2,2,L,L,0
29,5,five,2,stickerfirst,blue-right,pen,2,3,L,R,1
29,5,five,2,stickerfirst,blue-right,pen,2,4,R,L,1
29,5,five,2,stickerfirst,blue-right,pen,2,5,R,L,1
29,5,five,2,stickerfirst,blue-right,pen,2,6,L,R,1
29,5,five,2,stickerfirst,blue-right,pen,2,7,R,L,1
29,5,five,2,stickerfirst,blue-right,pen,2,8,L,L,0
29,5,five,2,stickerfirst,blue-right,sticker,1,1,L,L,1
29,5,five,2,stickerfirst,blue-right,sticker,1,2,R,R,1
29,5,five,2,stickerfirst,blue-right,sticker,1,3,R,R,1
29,5,five,2,stickerfirst,blue-right,sticker,1,4,L,L,1
29,5,five,2,stickerfirst,blue-right,sticker,1,5,R,R,1
29,5,five,2,stickerfirst,blue-right,sticker,1,6,L,L,1
29,5,five,2,stickerfirst,blue-right,sticker,1,7,L,L,1
29,5,five,2,stickerfirst,blue-right,sticker,1,8,R,R,1
32,5,five,2,penfirst,pink-right,pen,1,1,L,R,1
32,5,five,2,penfirst,pink-right,pen,1,2,R,L,1
32,5,five,2,penfirst,pink-right,pen,1,3,R,L,1
32,5,five,2,penfirst,pink-right,pen,1,4,L,L,0
32,5,five,2,penfirst,pink-right,pen,1,5,R,L,1
32,5,five,2,penfirst,pink-right,pen,1,6,L,R,1
32,5,five,2,penfirst,pink-right,pen,1,7,L,R,1
32,5,five,2,penfirst,pink-right,pen,1,8,R,L,1
32,5,five,2,penfirst,pink-right,sticker,2,1,R,R,1
32,5,five,2,penfirst,pink-right,sticker,2,2,L,R,0
32,5,five,2,penfirst,pink-right,sticker,2,3,L,L,1
32,5,five,2,penfirst,pink-right,sticker,2,4,R,L,0
32,5,five,2,penfirst,pink-right,sticker,2,5,R,R,1
32,5,five,2,penfirst,pink-right,sticker,2,6,L,L,1
32,5,five,2,penfirst,pink-right,sticker,2,7,R,L,0
32,5,five,2,penfirst,pink-right,sticker,2,8,L,R,0
33,4,four,1,stickerfirst,pink-right,pen,2,1,R,L,1
33,4,four,1,stickerfirst,pink-right,pen,2,2,L,R,1
33,4,four,1,stickerfirst,pink-right,pen,2,3,L,R,1
33,4,four,1,stickerfirst,pink-right,pen,2,4,R,L,1
33,4,four,1,stickerfirst,pink-right,pen,2,5,R,R,0
33,4,four,1,stickerfirst,pink-right,pen,2,6,L,R,1
33,4,four,1,stickerfirst,pink-right,pen,2,7,R,L,1
33,4,four,1,stickerfirst,pink-right,pen,2,8,L,R,1
33,4,four,1,stickerfirst,pink-right,sticker,1,1,L,L,1
33,4,four,1,stickerfirst,pink-right,sticker,1,2,R,R,1
33,4,four,1,stickerfirst,pink-right,sticker,1,3,R,R,1
33,4,four,1,stickerfirst,pink-right,sticker,1,4,L,L,1
33,4,four,1,stickerfirst,pink-right,sticker,1,5,R,R,1
33,4,four,1,stickerfirst,pink-right,sticker,1,6,L,L,1
33,4,four,1,stickerfirst,pink-right,sticker,1,7,L,L,1
33,4,four,1,stickerfirst,pink-right,sticker,1,8,R,R,1
34,4,four,2,stickerfirst,pink-right,pen,2,1,R,L,1
34,4,four,2,stickerfirst,pink-right,pen,2,2,L,R,1
34,4,four,2,stickerfirst,pink-right,pen,2,3,R,L,1
34,4,four,2,stickerfirst,pink-right,pen,2,4,L,R,1
34,4,four,2,stickerfirst,pink-right,pen,2,5,R,L,1
34,4,four,2,stickerfirst,pink-right,pen,2,6,L,R,1
34,4,four,2,stickerfirst,pink-right,pen,2,7,L,R,1
34,4,four,2,stickerfirst,pink-right,pen,2,8,R,L,1
34,4,four,2,stickerfirst,pink-right,sticker,1,1,L,L,1
34,4,four,2,stickerfirst,pink-right,sticker,1,2,L,L,1
34,4,four,2,stickerfirst,pink-right,sticker,1,3,R,R,1
34,4,four,2,stickerfirst,pink-right,sticker,1,4,L,L,1
34,4,four,2,stickerfirst,pink-right,sticker,1,5,R,R,1
34,4,four,2,stickerfirst,pink-right,sticker,1,6,R,R,1
34,4,four,2,stickerfirst,pink-right,sticker,1,7,L,L,1
34,4,four,2,stickerfirst,pink-right,sticker,1,8,R,R,1
35,4,four,1,penfirst,pink-right,pen,1,1,R,L,1
35,4,four,1,penfirst,pink-right,pen,1,2,L,R,1
35,4,four,1,penfirst,pink-right,pen,1,3,L,R,1
35,4,four,1,penfirst,pink-right,pen,1,4,R,L,1
35,4,four,1,penfirst,pink-right,pen,1,5,R,L,1
35,4,four,1,penfirst,pink-right,pen,1,6,L,R,1
35,4,four,1,penfirst,pink-right,pen,1,7,R,L,1
35,4,four,1,penfirst,pink-right,pen,1,8,L,R,1
35,4,four,1,penfirst,pink-right,sticker,2,1,L,L,1
35,4,four,1,penfirst,pink-right,sticker,2,2,R,R,1
35,4,four,1,penfirst,pink-right,sticker,2,3,R,R,1
35,4,four,1,penfirst,pink-right,sticker,2,4,L,R,0
35,4,four,1,penfirst,pink-right,sticker,2,5,R,L,0
35,4,four,1,penfirst,pink-right,sticker,2,6,L,L,1
35,4,four,1,penfirst,pink-right,sticker,2,7,L,L,1
35,4,four,1,penfirst,pink-right,sticker,2,8,R,R,1
36,3,three,2,penfirst,pink-right,pen,1,1,L,L,0
36,3,three,2,penfirst,pink-right,pen,1,2,L,L,0
36,3,three,2,penfirst,pink-right,pen,1,3,R,R,0
36,3,three,2,penfirst,pink-right,pen,1,4,L,L,0
36,3,three,2,penfirst,pink-right,pen,1,5,R,L,1
36,3,three,2,penfirst,pink-right,pen,1,6,R,R,0
36,3,three,2,penfirst,pink-right,pen,1,7,L,R,1
36,3,three,2,penfirst,pink-right,pen,1,8,R,L,1
36,3,three,2,penfirst,pink-right,sticker,2,1,R,L,0
36,3,three,2,penfirst,pink-right,sticker,2,2,L,R,0
36,3,three,2,penfirst,pink-right,sticker,2,3,R,L,0
36,3,three,2,penfirst,pink-right,sticker,2,4,L,L,1
36,3,three,2,penfirst,pink-right,sticker,2,5,R,R,1
36,3,three,2,penfirst,pink-right,sticker,2,6,L,L,1
36,3,three,2,penfirst,pink-right,sticker,2,7,R,R,1
36,3,three,2,penfirst,pink-right,sticker,2,8,L,L,1
38,4,four,2,stickerfirst,pink-right,pen,2,1,R,L,1
38,4,four,2,stickerfirst,pink-right,pen,2,2,L,R,1
38,4,four,2,stickerfirst,pink-right,pen,2,3,R,L,1
38,4,four,2,stickerfirst,pink-right,pen,2,4,L,R,1
38,4,four,2,stickerfirst,pink-right,pen,2,5,R,L,1
38,4,four,2,stickerfirst,pink-right,pen,2,6,L,R,1
38,4,four,2,stickerfirst,pink-right,pen,2,7,L,L,0
38,4,four,2,stickerfirst,pink-right,pen,2,8,R,R,0
38,4,four,2,stickerfirst,pink-right,sticker,1,1,L,L,1
38,4,four,2,stickerfirst,pink-right,sticker,1,2,L,L,1
38,4,four,2,stickerfirst,pink-right,sticker,1,3,R,R,1
38,4,four,2,stickerfirst,pink-right,sticker,1,4,L,R,0
38,4,four,2,stickerfirst,pink-right,sticker,1,5,R,L,0
38,4,four,2,stickerfirst,pink-right,sticker,1,6,R,R,1
38,4,four,2,stickerfirst,pink-right,sticker,1,7,L,L,1
38,4,four,2,stickerfirst,pink-right,sticker,1,8,R,R,1
39,5,five,1,penfirst,pink-right,pen,1,1,L,R,1
39,5,five,1,penfirst,pink-right,pen,1,2,R,L,1
39,5,five,1,penfirst,pink-right,pen,1,3,R,R,0
39,5,five,1,penfirst,pink-right,pen,1,4,L,R,1
39,5,five,1,penfirst,pink-right,pen,1,5,R,L,1
39,5,five,1,penfirst,pink-right,pen,1,6,L,R,1
39,5,five,1,penfirst,pink-right,pen,1,7,L,R,1
39,5,five,1,penfirst,pink-right,pen,1,8,R,L,1
39,5,five,1,penfirst,pink-right,sticker,2,1,R,R,1
39,5,five,1,penfirst,pink-right,sticker,2,2,L,L,1
39,5,five,1,penfirst,pink-right,sticker,2,3,L,L,1
39,5,five,1,penfirst,pink-right,sticker,2,4,R,R,1
39,5,five,1,penfirst,pink-right,sticker,2,5,R,R,1
39,5,five,1,penfirst,pink-right,sticker,2,6,L,L,1
39,5,five,1,penfirst,pink-right,sticker,2,7,R,R,1
39,5,five,1,penfirst,pink-right,sticker,2,8,L,L,1
40,4,four,1,penfirst,blue-right,pen,1,1,L,L,0
40,4,four,1,penfirst,blue-right,pen,1,2,L,R,1
40,4,four,1,penfirst,blue-right,pen,1,3,R,L,1
40,4,four,1,penfirst,blue-right,pen,1,4,L,R,1
40,4,four,1,penfirst,blue-right,pen,1,5,R,L,1
40,4,four,1,penfirst,blue-right,pen,1,6,R,L,1
40,4,four,1,penfirst,blue-right,pen,1,7,L,R,1
40,4,four,1,penfirst,blue-right,pen,1,8,R,L,1
40,4,four,1,penfirst,blue-right,sticker,2,1,R,L,0
40,4,four,1,penfirst,blue-right,sticker,2,2,L,R,0
40,4,four,1,penfirst,blue-right,sticker,2,3,R,L,0
40,4,four,1,penfirst,blue-right,sticker,2,4,L,L,1
40,4,four,1,penfirst,blue-right,sticker,2,5,R,R,1
40,4,four,1,penfirst,blue-right,sticker,2,6,L,L,1
40,4,four,1,penfirst,blue-right,sticker,2,7,L,L,1
40,4,four,1,penfirst,blue-right,sticker,2,8,R,R,1
41,5,five,2,stickerfirst,blue-right,pen,2,1,R,L,1
41,5,five,2,stickerfirst,blue-right,pen,2,2,L,R,1
41,5,five,2,stickerfirst,blue-right,pen,2,3,L,R,1
41,5,five,2,stickerfirst,blue-right,pen,2,4,R,L,1
41,5,five,2,stickerfirst,blue-right,pen,2,5,R,L,1
41,5,five,2,stickerfirst,blue-right,pen,2,6,L,R,1
41,5,five,2,stickerfirst,blue-right,pen,2,7,R,L,1
41,5,five,2,stickerfirst,blue-right,pen,2,8,L,R,1
41,5,five,2,stickerfirst,blue-right,sticker,1,1,L,L,1
41,5,five,2,stickerfirst,blue-right,sticker,1,2,R,R,1
41,5,five,2,stickerfirst,blue-right,sticker,1,3,R,R,1
41,5,five,2,stickerfirst,blue-right,sticker,1,4,L,L,1
41,5,five,2,stickerfirst,blue-right,sticker,1,5,R,R,1
41,5,five,2,stickerfirst,blue-right,sticker,1,6,L,L,1
41,5,five,2,stickerfirst,blue-right,sticker,1,7,L,L,1
41,5,five,2,stickerfirst,blue-right,sticker,1,8,R,R,1
42,3,three,1,stickerfirst,pink-right,pen,2,1,R,R,0
42,3,three,1,stickerfirst,pink-right,pen,2,2,L,R,1
42,3,three,1,stickerfirst,pink-right,pen,2,3,R,R,0
42,3,three,1,stickerfirst,pink-right,pen,2,4,L,R,1
42,3,three,1,stickerfirst,pink-right,pen,2,5,R,L,1
42,3,three,1,stickerfirst,pink-right,pen,2,6,L,L,0
42,3,three,1,stickerfirst,pink-right,pen,2,7,L,R,1
42,3,three,1,stickerfirst,pink-right,pen,2,8,R,L,1
42,3,three,1,stickerfirst,pink-right,sticker,1,1,L,R,0
42,3,three,1,stickerfirst,pink-right,sticker,1,2,L,L,1
42,3,three,1,stickerfirst,pink-right,sticker,1,3,R,R,1
42,3,three,1,stickerfirst,pink-right,sticker,1,4,L,L,1
42,3,three,1,stickerfirst,pink-right,sticker,1,5,R,R,1
42,3,three,1,stickerfirst,pink-right,sticker,1,6,R,R,1
42,3,three,1,stickerfirst,pink-right,sticker,1,7,L,R,0
42,3,three,1,stickerfirst,pink-right,sticker,1,8,R,L,0
43,4,four,1,stickerfirst,pink-right,pen,2,1,R,R,0
43,4,four,1,stickerfirst,pink-right,pen,2,2,L,L,0
43,4,four,1,stickerfirst,pink-right,pen,2,3,L,R,1
43,4,four,1,stickerfirst,pink-right,pen,2,4,R,L,1
43,4,four,1,stickerfirst,pink-right,pen,2,5,R,L,1
43,4,four,1,stickerfirst,pink-right,pen,2,6,L,R,1
43,4,four,1,stickerfirst,pink-right,pen,2,7,R,L,1
43,4,four,1,stickerfirst,pink-right,pen,2,8,L,L,0
43,4,four,1,stickerfirst,pink-right,sticker,1,1,L,R,0
43,4,four,1,stickerfirst,pink-right,sticker,1,2,R,L,0
43,4,four,1,stickerfirst,pink-right,sticker,1,3,R,R,1
43,4,four,1,stickerfirst,pink-right,sticker,1,4,L,L,1
43,4,four,1,stickerfirst,pink-right,sticker,1,5,R,R,1
43,4,four,1,stickerfirst,pink-right,sticker,1,6,L,L,1
43,4,four,1,stickerfirst,pink-right,sticker,1,7,L,L,1
43,4,four,1,stickerfirst,pink-right,sticker,1,8,R,L,0
45,4,four,2,penfirst,pink-right,pen,1,1,L,R,1
45,4,four,2,penfirst,pink-right,pen,1,2,L,R,1
45,4,four,2,penfirst,pink-right,pen,1,3,R,L,1
45,4,four,2,penfirst,pink-right,pen,1,4,L,R,1
45,4,four,2,penfirst,pink-right,pen,1,5,R,L,1
45,4,four,2,penfirst,pink-right,pen,1,6,R,L,1
45,4,four,2,penfirst,pink-right,pen,1,7,L,R,1
45,4,four,2,penfirst,pink-right,pen,1,8,R,L,1
45,4,four,2,penfirst,pink-right,sticker,2,1,R,R,1
45,4,four,2,penfirst,pink-right,sticker,2,2,L,R,0
45,4,four,2,penfirst,pink-right,sticker,2,3,R,R,1
45,4,four,2,penfirst,pink-right,sticker,2,4,L,L,1
45,4,four,2,penfirst,pink-right,sticker,2,5,R,R,1
45,4,four,2,penfirst,pink-right,sticker,2,6,L,L,1
45,4,four,2,penfirst,pink-right,sticker,2,7,L,L,1
45,4,four,2,penfirst,pink-right,sticker,2,8,R,R,1
46,3,three,1,penfirst,pink-right,pen,1,1,L,R,1
46,3,three,1,penfirst,pink-right,pen,1,2,L,R,1
46,3,three,1,penfirst,pink-right,pen,1,3,R,R,0
46,3,three,1,penfirst,pink-right,pen,1,4,L,L,0
46,3,three,1,penfirst,pink-right,pen,1,5,R,L,1
46,3,three,1,penfirst,pink-right,pen,1,6,R,L,1
46,3,three,1,penfirst,pink-right,pen,1,7,L,L,0
46,3,three,1,penfirst,pink-right,pen,1,8,R,L,1
46,3,three,1,penfirst,pink-right,sticker,2,1,R,L,0
46,3,three,1,penfirst,pink-right,sticker,2,2,L,L,1
46,3,three,1,penfirst,pink-right,sticker,2,3,R,L,0
46,3,three,1,penfirst,pink-right,sticker,2,4,L,L,1
46,3,three,1,penfirst,pink-right,sticker,2,5,R,L,0
46,3,three,1,penfirst,pink-right,sticker,2,6,L,L,1
46,3,three,1,penfirst,pink-right,sticker,2,7,L,L,1
46,3,three,1,penfirst,pink-right,sticker,2,8,R,L,0
48,4,four,1,stickerfirst,pink-right,pen,2,1,R,L,1
48,4,four,1,stickerfirst,pink-right,pen,2,2,L,R,1
48,4,four,1,stickerfirst,pink-right,pen,2,3,R,L,1
48,4,four,1,stickerfirst,pink-right,pen,2,4,L,R,1
48,4,four,1,stickerfirst,pink-right,pen,2,5,R,L,1
48,4,four,1,stickerfirst,pink-right,pen,2,6,L,R,1
48,4,four,1,stickerfirst,pink-right,pen,2,7,L,R,1
48,4,four,1,stickerfirst,pink-right,pen,2,8,R,R,0
48,4,four,1,stickerfirst,pink-right,sticker,1,1,L,R,0
48,4,four,1,stickerfirst,pink-right,sticker,1,2,L,L,1
48,4,four,1,stickerfirst,pink-right,sticker,1,3,R,L,0
48,4,four,1,stickerfirst,pink-right,sticker,1,4,L,R,0
48,4,four,1,stickerfirst,pink-right,sticker,1,5,R,R,1
48,4,four,1,stickerfirst,pink-right,sticker,1,6,R,R,1
48,4,four,1,stickerfirst,pink-right,sticker,1,7,L,R,0
48,4,four,1,stickerfirst,pink-right,sticker,1,8,R,L,0
49,4,four,1,penfirst,pink-right,pen,1,1,L,L,0
49,4,four,1,penfirst,pink-right,pen,1,2,R,R,0
49,4,four,1,penfirst,pink-right,pen,1,3,R,L,1
49,4,four,1,penfirst,pink-right,pen,1,4,L,R,1
49,4,four,1,penfirst,pink-right,pen,1,5,R,L,1
49,4,four,1,penfirst,pink-right,pen,1,6,L,R,1
49,4,four,1,penfirst,pink-right,pen,1,7,L,L,0
49,4,four,1,penfirst,pink-right,pen,1,8,R,R,0
49,4,four,1,penfirst,pink-right,sticker,2,1,R,R,1
49,4,four,1,penfirst,pink-right,sticker,2,2,L,L,1
49,4,four,1,penfirst,pink-right,sticker,2,3,L,L,1
49,4,four,1,penfirst,pink-right,sticker,2,4,R,R,1
49,4,four,1,penfirst,pink-right,sticker,2,5,R,R,1
49,4,four,1,penfirst,pink-right,sticker,2,6,L,L,1
49,4,four,1,penfirst,pink-right,sticker,2,7,R,R,1
49,4,four,1,penfirst,pink-right,sticker,2,8,L,L,1
53,5,five,2,penfirst,pink-right,pen,1,1,L,L,0
53,5,five,2,penfirst,pink-right,pen,1,2,R,L,1
53,5,five,2,penfirst,pink-right,pen,1,3,R,R,0
53,5,five,2,penfirst,pink-right,pen,1,4,L,L,0
53,5,five,2,penfirst,pink-right,pen,1,5,R,L,1
53,5,five,2,penfirst,pink-right,pen,1,6,L,R,1
53,5,five,2,penfirst,pink-right,pen,1,7,L,R,1
53,5,five,2,penfirst,pink-right,pen,1,8,R,L,1
53,5,five,2,penfirst,pink-right,sticker,2,1,R,R,1
53,5,five,2,penfirst,pink-right,sticker,2,2,L,L,1
53,5,five,2,penfirst,pink-right,sticker,2,3,L,L,1
53,5,five,2,penfirst,pink-right,sticker,2,4,R,R,1
53,5,five,2,penfirst,pink-right,sticker,2,5,R,R,1
53,5,five,2,penfirst,pink-right,sticker,2,6,L,L,1
53,5,five,2,penfirst,pink-right,sticker,2,7,R,R,1
53,5,five,2,penfirst,pink-right,sticker,2,8,L,L,1
54,3,three,1,stickerfirst,blue-right,pen,2,1,R,L,1
54,3,three,1,stickerfirst,blue-right,pen,2,2,L,L,0
54,3,three,1,stickerfirst,blue-right,pen,2,3,L,R,1
54,3,three,1,stickerfirst,blue-right,pen,2,4,R,L,1
54,3,three,1,stickerfirst,blue-right,pen,2,5,R,L,1
54,3,three,1,stickerfirst,blue-right,pen,2,6,L,R,1
54,3,three,1,stickerfirst,blue-right,pen,2,7,R,R,0
54,3,three,1,stickerfirst,blue-right,pen,2,8,L,L,0
54,3,three,1,stickerfirst,blue-right,sticker,1,1,L,L,1
54,3,three,1,stickerfirst,blue-right,sticker,1,2,R,L,0
54,3,three,1,stickerfirst,blue-right,sticker,1,3,R,R,1
54,3,three,1,stickerfirst,blue-right,sticker,1,4,L,L,1
54,3,three,1,stickerfirst,blue-right,sticker,1,5,R,R,1
54,3,three,1,stickerfirst,blue-right,sticker,1,6,L,R,0
54,3,three,1,stickerfirst,blue-right,sticker,1,7,L,L,1
54,3,three,1,stickerfirst,blue-right,sticker,1,8,R,L,0
55,4,four,2,penfirst,blue-right,pen,1,1,L,R,1
55,4,four,2,penfirst,blue-right,pen,1,2,R,L,1
55,4,four,2,penfirst,blue-right,pen,1,3,R,L,1
55,4,four,2,penfirst,blue-right,pen,1,4,L,R,1
55,4,four,2,penfirst,blue-right,pen,1,5,R,L,1
55,4,four,2,penfirst,blue-right,pen,1,6,L,R,1
55,4,four,2,penfirst,blue-right,pen,1,7,L,R,1
55,4,four,2,penfirst,blue-right,pen,1,8,R,L,1
55,4,four,2,penfirst,blue-right,sticker,2,1,R,R,1
55,4,four,2,penfirst,blue-right,sticker,2,2,L,L,1
55,4,four,2,penfirst,blue-right,sticker,2,3,L,L,1
55,4,four,2,penfirst,blue-right,sticker,2,4,R,R,1
55,4,four,2,penfirst,blue-right,sticker,2,5,R,R,1
55,4,four,2,penfirst,blue-right,sticker,2,6,L,L,1
55,4,four,2,penfirst,blue-right,sticker,2,7,R,R,1
55,4,four,2,penfirst,blue-right,sticker,2,8,L,L,1
56,3,three,2,stickerfirst,pink-right,pen,2,1,R,R,0
56,3,three,2,stickerfirst,pink-right,pen,2,2,L,R,1
56,3,three,2,stickerfirst,pink-right,pen,2,3,L,R,1
56,3,three,2,stickerfirst,pink-right,pen,2,4,R,R,0
56,3,three,2,stickerfirst,pink-right,pen,2,5,R,L,1
56,3,three,2,stickerfirst,pink-right,pen,2,6,L,R,1
56,3,three,2,stickerfirst,pink-right,pen,2,7,R,R,0
56,3,three,2,stickerfirst,pink-right,pen,2,8,L,L,0
56,3,three,2,stickerfirst,pink-right,sticker,1,1,L,L,1
56,3,three,2,stickerfirst,pink-right,sticker,1,2,R,L,0
56,3,three,2,stickerfirst,pink-right,sticker,1,3,R,R,1
56,3,three,2,stickerfirst,pink-right,sticker,1,4,L,R,0
56,3,three,2,stickerfirst,pink-right,sticker,1,5,R,R,1
56,3,three,2,stickerfirst,pink-right,sticker,1,6,L,L,1
56,3,three,2,stickerfirst,pink-right,sticker,1,7,L,L,1
56,3,three,2,stickerfirst,pink-right,sticker,1,8,R,R,1
57,5,five,1,stickerfirst,pink-right,pen,2,1,R,L,1
57,5,five,1,stickerfirst,pink-right,pen,2,2,L,R,1
57,5,five,1,stickerfirst,pink-right,pen,2,3,R,L,1
57,5,five,1,stickerfirst,pink-right,pen,2,4,L,R,1
57,5,five,1,stickerfirst,pink-right,pen,2,5,R,L,1
57,5,five,1,stickerfirst,pink-right,pen,2,6,L,R,1
57,5,five,1,stickerfirst,pink-right,pen,2,7,L,L,0
57,5,five,1,stickerfirst,pink-right,pen,2,8,R,R,1
57,5,five,1,stickerfirst,pink-right,sticker,1,1,L,L,1
57,5,five,1,stickerfirst,pink-right,sticker,1,2,L,L,1
57,5,five,1,stickerfirst,pink-right,sticker,1,3,R,R,1
57,5,five,1,stickerfirst,pink-right,sticker,1,4,L,L,1
57,5,five,1,stickerfirst,pink-right,sticker,1,5,R,R,1
57,5,five,1,stickerfirst,pink-right,sticker,1,6,R,L,0
57,5,five,1,stickerfirst,pink-right,sticker,1,7,L,L,1
57,5,five,1,stickerfirst,pink-right,sticker,1,8,R,R,1
58,4,four,1,stickerfirst,blue-right,pen,2,1,R,L,1
58,4,four,1,stickerfirst,blue-right,pen,2,2,L,R,1
58,4,four,1,stickerfirst,blue-right,pen,2,3,R,L,1
58,4,four,1,stickerfirst,blue-right,pen,2,4,L,L,0
58,4,four,1,stickerfirst,blue-right,pen,2,5,R,L,1
58,4,four,1,stickerfirst,blue-right,pen,2,6,L,R,1
58,4,four,1,stickerfirst,blue-right,pen,2,7,L,R,1
58,4,four,1,stickerfirst,blue-right,pen,2,8,R,L,1
58,4,four,1,stickerfirst,blue-right,sticker,1,1,L,L,1
58,4,four,1,stickerfirst,blue-right,sticker,1,2,L,R,0
58,4,four,1,stickerfirst,blue-right,sticker,1,3,R,R,1
58,4,four,1,stickerfirst,blue-right,sticker,1,4,L,L,1
58,4,four,1,stickerfirst,blue-right,sticker,1,5,R,R,1
58,4,four,1,stickerfirst,blue-right,sticker,1,6,R,R,1
58,4,four,1,stickerfirst,blue-right,sticker,1,7,L,L,1
58,4,four,1,stickerfirst,blue-right,sticker,1,8,R,R,1
59,4,four,2,penfirst,blue-right,pen,1,1,L,L,0
59,4,four,2,penfirst,blue-right,pen,1,2,R,L,1
59,4,four,2,penfirst,blue-right,pen,1,3,R,R,0
59,4,four,2,penfirst,blue-right,pen,1,4,L,L,0
59,4,four,2,penfirst,blue-right,pen,1,5,L,R,1
59,4,four,2,penfirst,blue-right,pen,1,6,L,R,1
59,4,four,2,penfirst,blue-right,pen,1,7,R,L,1
59,4,four,2,penfirst,blue-right,pen,1,8,R,R,0
59,4,four,2,penfirst,blue-right,sticker,2,1,R,R,1
59,4,four,2,penfirst,blue-right,sticker,2,2,L,L,1
59,4,four,2,penfirst,blue-right,sticker,2,3,L,R,0
59,4,four,2,penfirst,blue-right,sticker,2,4,R,R,1
59,4,four,2,penfirst,blue-right,sticker,2,5,R,L,0
59,4,four,2,penfirst,blue-right,sticker,2,6,L,R,0
59,4,four,2,penfirst,blue-right,sticker,2,7,R,L,0
59,4,four,2,penfirst,blue-right,sticker,2,8,L,L,1
60,4,four,1,penfirst,blue-right,pen,1,1,L,L,0
60,4,four,1,penfirst,blue-right,pen,1,2,L,R,1
60,4,four,1,penfirst,blue-right,pen,1,3,R,L,1
60,4,four,1,penfirst,blue-right,pen,1,4,L,R,1
60,4,four,1,penfirst,blue-right,pen,1,5,R,L,1
60,4,four,1,penfirst,blue-right,pen,1,6,R,L,1
60,4,four,1,penfirst,blue-right,pen,1,7,L,R,1
60,4,four,1,penfirst,blue-right,pen,1,8,R,L,1
60,4,four,1,penfirst,blue-right,sticker,2,1,R,L,0
60,4,four,1,penfirst,blue-right,sticker,2,2,L,R,0
60,4,four,1,penfirst,blue-right,sticker,2,3,R,R,1
60,4,four,1,penfirst,blue-right,sticker,2,4,R,R,1
60,4,four,1,penfirst,blue-right,sticker,2,5,L,L,1
60,4,four,1,penfirst,blue-right,sticker,2,6,R,L,0
60,4,four,1,penfirst,blue-right,sticker,2,7,L,L,1
60,4,four,1,penfirst,blue-right,sticker,2,8,R,L,0
62,3,three,1,stickerfirst,blue-right,pen,2,1,R,L,1
62,3,three,1,stickerfirst,blue-right,pen,2,2,L,L,0
62,3,three,1,stickerfirst,blue-right,pen,2,3,R,L,1
62,3,three,1,stickerfirst,blue-right,pen,2,4,L,L,0
62,3,three,1,stickerfirst,blue-right,pen,2,5,R,L,1
62,3,three,1,stickerfirst,blue-right,pen,2,6,L,L,0
62,3,three,1,stickerfirst,blue-right,pen,2,7,L,L,0
62,3,three,1,stickerfirst,blue-right,pen,2,8,R,R,0
62,3,three,1,stickerfirst,blue-right,sticker,1,1,L,L,1
62,3,three,1,stickerfirst,blue-right,sticker,1,2,L,R,0
62,3,three,1,stickerfirst,blue-right,sticker,1,3,R,R,1
62,3,three,1,stickerfirst,blue-right,sticker,1,4,L,L,1
62,3,three,1,stickerfirst,blue-right,sticker,1,5,R,R,1
62,3,three,1,stickerfirst,blue-right,sticker,1,6,R,L,0
62,3,three,1,stickerfirst,blue-right,sticker,1,7,L,L,1
62,3,three,1,stickerfirst,blue-right,sticker,1,8,R,R,1
63,4,four,1,penfirst,pink-right,pen,1,1,L,R,1
63,4,four,1,penfirst,pink-right,pen,1,2,L,L,0
63,4,four,1,penfirst,pink-right,pen,1,3,R,L,1
63,4,four,1,penfirst,pink-right,pen,1,4,L,R,1
63,4,four,1,penfirst,pink-right,pen,1,5,R,L,1
63,4,four,1,penfirst,pink-right,pen,1,6,R,R,0
63,4,four,1,penfirst,pink-right,pen,1,7,L,R,1
63,4,four,1,penfirst,pink-right,pen,1,8,R,R,0
63,4,four,1,penfirst,pink-right,sticker,2,1,R,R,1
63,4,four,1,penfirst,pink-right,sticker,2,2,L,L,1
63,4,four,1,penfirst,pink-right,sticker,2,3,R,R,1
63,4,four,1,penfirst,pink-right,sticker,2,4,L,L,1
63,4,four,1,penfirst,pink-right,sticker,2,5,R,L,0
63,4,four,1,penfirst,pink-right,sticker,2,6,L,L,1
63,4,four,1,penfirst,pink-right,sticker,2,7,L,L,1
63,4,four,1,penfirst,pink-right,sticker,2,8,R,R,1
64,5,five,2,stickerfirst,blue-right,pen,2,1,R,R,0
64,5,five,2,stickerfirst,blue-right,pen,2,2,L,L,0
64,5,five,2,stickerfirst,blue-right,pen,2,3,R,L,1
64,5,five,2,stickerfirst,blue-right,pen,2,4,L,R,1
64,5,five,2,stickerfirst,blue-right,pen,2,5,R,L,1
64,5,five,2,stickerfirst,blue-right,pen,2,6,L,R,1
64,5,five,2,stickerfirst,blue-right,pen,2,7,L,R,1
64,5,five,2,stickerfirst,blue-right,pen,2,8,R,L,1
64,5,five,2,stickerfirst,blue-right,sticker,1,1,L,R,0
64,5,five,2,stickerfirst,blue-right,sticker,1,2,L,L,1
64,5,five,2,stickerfirst,blue-right,sticker,1,3,R,R,1
64,5,five,2,stickerfirst,blue-right,sticker,1,4,L,L,1
64,5,five,2,stickerfirst,blue-right,sticker,1,5,R,R,1
64,5,five,2,stickerfirst,blue-right,sticker,1,6,R,R,1
64,5,five,2,stickerfirst,blue-right,sticker,1,7,L,L,1
64,5,five,2,stickerfirst,blue-right,sticker,1,8,R,R,1
65,5,five,2,penfirst,blue-right,pen,1,1,L,R,1
65,5,five,2,penfirst,blue-right,pen,1,2,L,R,1
65,5,five,2,penfirst,blue-right,pen,1,3,R,L,1
65,5,five,2,penfirst,blue-right,pen,1,4,L,R,1
65,5,five,2,penfirst,blue-right,pen,1,5,R,L,1
65,5,five,2,penfirst,blue-right,pen,1,6,R,L,1
65,5,five,2,penfirst,blue-right,pen,1,7,L,R,1
65,5,five,2,penfirst,blue-right,pen,1,8,R,R,1
65,5,five,2,penfirst,blue-right,sticker,2,1,R,L,1
65,5,five,2,penfirst,blue-right,sticker,2,2,L,L,1
65,5,five,2,penfirst,blue-right,sticker,2,3,R,R,1
65,5,five,2,penfirst,blue-right,sticker,2,4,L,L,1
65,5,five,2,penfirst,blue-right,sticker,2,5,R,R,1
65,5,five,2,penfirst,blue-right,sticker,2,6,L,L,1
65,5,five,2,penfirst,blue-right,sticker,2,7,L,L,1
65,5,five,2,penfirst,blue-right,sticker,2,8,R,R,1
66,5,five,2,stickerfirst,pink-right,pen,2,1,R,R,0
66,5,five,2,stickerfirst,pink-right,pen,2,2,L,L,0
66,5,five,2,stickerfirst,pink-right,pen,2,3,L,R,1
66,5,five,2,stickerfirst,pink-right,pen,2,4,R,R,0
66,5,five,2,stickerfirst,pink-right,pen,2,5,R,L,1
66,5,five,2,stickerfirst,pink-right,pen,2,6,L,R,1
66,5,five,2,stickerfirst,pink-right,pen,2,7,R,R,0
66,5,five,2,stickerfirst,pink-right,pen,2,8,L,R,1
66,5,five,2,stickerfirst,pink-right,sticker,1,1,L,R,0
66,5,five,2,stickerfirst,pink-right,sticker,1,2,R,R,1
66,5,five,2,stickerfirst,pink-right,sticker,1,3,R,L,0
66,5,five,2,stickerfirst,pink-right,sticker,1,4,L,R,0
66,5,five,2,stickerfirst,pink-right,sticker,1,5,R,L,0
66,5,five,2,stickerfirst,pink-right,sticker,1,6,L,R,0
66,5,five,2,stickerfirst,pink-right,sticker,1,7,L,L,1
66,5,five,2,stickerfirst,pink-right,sticker,1,8,R,L,0
67,3,three,2,stickerfirst,pink-right,pen,2,1,R,R,0
67,3,three,2,stickerfirst,pink-right,pen,2,2,L,R,1
67,3,three,2,stickerfirst,pink-right,pen,2,3,R,R,0
67,3,three,2,stickerfirst,pink-right,pen,2,4,L,R,1
67,3,three,2,stickerfirst,pink-right,pen,2,5,R,R,0
67,3,three,2,stickerfirst,pink-right,pen,2,6,L,R,1
67,3,three,2,stickerfirst,pink-right,pen,2,7,L,R,1
67,3,three,2,stickerfirst,pink-right,pen,2,8,R,R,0
67,3,three,2,stickerfirst,pink-right,sticker,1,1,L,L,1
67,3,three,2,stickerfirst,pink-right,sticker,1,2,L,R,0
67,3,three,2,stickerfirst,pink-right,sticker,1,3,R,R,1
67,3,three,2,stickerfirst,pink-right,sticker,1,4,L,R,0
67,3,three,2,stickerfirst,pink-right,sticker,1,5,R,R,1
67,3,three,2,stickerfirst,pink-right,sticker,1,6,R,R,1
67,3,three,2,stickerfirst,pink-right,sticker,1,7,L,R,0
67,3,three,2,stickerfirst,pink-right,sticker,1,8,R,R,1
69,4,four,1,penfirst,pink-right,pen,1,1,L,R,1
69,4,four,1,penfirst,pink-right,pen,1,2,L,R,1
69,4,four,1,penfirst,pink-right,pen,1,3,R,L,1
69,4,four,1,penfirst,pink-right,pen,1,4,L,R,1
69,4,four,1,penfirst,pink-right,pen,1,5,R,L,1
69,4,four,1,penfirst,pink-right,pen,1,6,R,L,1
69,4,four,1,penfirst,pink-right,pen,1,7,L,R,1
69,4,four,1,penfirst,pink-right,pen,1,8,R,L,1
69,4,four,1,penfirst,pink-right,sticker,2,1,R,R,1
69,4,four,1,penfirst,pink-right,sticker,2,2,L,L,1
69,4,four,1,penfirst,pink-right,sticker,2,3,R,R,1
69,4,four,1,penfirst,pink-right,sticker,2,4,L,L,1
69,4,four,1,penfirst,pink-right,sticker,2,5,R,R,1
69,4,four,1,penfirst,pink-right,sticker,2,6,L,L,1
69,4,four,1,penfirst,pink-right,sticker,2,7,L,R,0
69,4,four,1,penfirst,pink-right,sticker,2,8,R,R,1
70,3,three,2,stickerfirst,pink-right,pen,2,1,R,L,1
70,3,three,2,stickerfirst,pink-right,pen,2,2,L,L,0
70,3,three,2,stickerfirst,pink-right,pen,2,3,L,L,0
70,3,three,2,stickerfirst,pink-right,pen,2,4,R,R,0
70,3,three,2,stickerfirst,pink-right,pen,2,5,R,L,1
70,3,three,2,stickerfirst,pink-right,pen,2,6,L,L,0
70,3,three,2,stickerfirst,pink-right,pen,2,7,R,L,1
70,3,three,2,stickerfirst,pink-right,pen,2,8,L,L,0
70,3,three,2,stickerfirst,pink-right,sticker,1,1,L,L,1
70,3,three,2,stickerfirst,pink-right,sticker,1,2,R,R,1
70,3,three,2,stickerfirst,pink-right,sticker,1,3,R,L,0
70,3,three,2,stickerfirst,pink-right,sticker,1,4,L,L,1
70,3,three,2,stickerfirst,pink-right,sticker,1,5,R,R,1
70,3,three,2,stickerfirst,pink-right,sticker,1,6,L,R,0
70,3,three,2,stickerfirst,pink-right,sticker,1,7,L,L,1
70,3,three,2,stickerfirst,pink-right,sticker,1,8,R,R,1
72,4,four,2,stickerfirst,pink-right,pen,2,1,R,L,1
72,4,four,2,stickerfirst,pink-right,pen,2,2,L,R,1
72,4,four,2,stickerfirst,pink-right,pen,2,3,L,R,1
72,4,four,2,stickerfirst,pink-right,pen,2,4,R,L,1
72,4,four,2,stickerfirst,pink-right,pen,2,5,R,L,1
72,4,four,2,stickerfirst,pink-right,pen,2,6,L,L,0
72,4,four,2,stickerfirst,pink-right,pen,2,7,R,L,1
72,4,four,2,stickerfirst,pink-right,pen,2,8,L,R,1
72,4,four,2,stickerfirst,pink-right,sticker,1,1,L,L,1
72,4,four,2,stickerfirst,pink-right,sticker,1,2,R,R,1
72,4,four,2,stickerfirst,pink-right,sticker,1,3,R,R,1
72,4,four,2,stickerfirst,pink-right,sticker,1,4,L,L,1
72,4,four,2,stickerfirst,pink-right,sticker,1,5,R,R,1
72,4,four,2,stickerfirst,pink-right,sticker,1,6,L,L,1
72,4,four,2,stickerfirst,pink-right,sticker,1,7,L,L,1
72,4,four,2,stickerfirst,pink-right,sticker,1,8,R,R,1
73,4,four,1,stickerfirst,pink-right,pen,2,1,R,R,0
73,4,four,1,stickerfirst,pink-right,pen,2,2,L,L,0
73,4,four,1,stickerfirst,pink-right,pen,2,3,L,L,0
73,4,four,1,stickerfirst,pink-right,pen,2,4,R,L,1
73,4,four,1,stickerfirst,pink-right,pen,2,5,R,L,1
73,4,four,1,stickerfirst,pink-right,pen,2,6,L,L,0
73,4,four,1,stickerfirst,pink-right,pen,2,7,R,L,1
73,4,four,1,stickerfirst,pink-right,pen,2,8,L,R,1
73,4,four,1,stickerfirst,pink-right,sticker,1,1,L,L,1
73,4,four,1,stickerfirst,pink-right,sticker,1,2,R,R,1
73,4,four,1,stickerfirst,pink-right,sticker,1,3,R,R,1
73,4,four,1,stickerfirst,pink-right,sticker,1,4,L,L,1
73,4,four,1,stickerfirst,pink-right,sticker,1,5,R,R,1
73,4,four,1,stickerfirst,pink-right,sticker,1,6,L,L,1
73,4,four,1,stickerfirst,pink-right,sticker,1,7,L,L,1
73,4,four,1,stickerfirst,pink-right,sticker,1,8,R,L,0
75,3,three,2,penfirst,blue-right,pen,1,1,L,L,0
75,3,three,2,penfirst,blue-right,pen,1,2,R,L,1
75,3,three,2,penfirst,blue-right,pen,1,3,R,L,1
75,3,three,2,penfirst,blue-right,pen,1,4,L,L,0
75,3,three,2,penfirst,blue-right,pen,1,5,R,L,1
75,3,three,2,penfirst,blue-right,pen,1,6,L,L,0
75,3,three,2,penfirst,blue-right,pen,1,7,L,L,0
75,3,three,2,penfirst,blue-right,pen,1,8,R,L,1
75,3,three,2,penfirst,blue-right,sticker,2,1,R,L,0
75,3,three,2,penfirst,blue-right,sticker,2,2,L,L,1
75,3,three,2,penfirst,blue-right,sticker,2,3,L,R,0
75,3,three,2,penfirst,blue-right,sticker,2,4,R,L,0
75,3,three,2,penfirst,blue-right,sticker,2,5,R,R,1
75,3,three,2,penfirst,blue-right,sticker,2,6,L,L,1
75,3,three,2,penfirst,blue-right,sticker,2,7,R,L,0
75,3,three,2,penfirst,blue-right,sticker,2,8,L,R,0
76,3,three,1,penfirst,pink-right,pen,1,1,L,L,0
76,3,three,1,penfirst,pink-right,pen,1,2,R,R,0
76,3,three,1,penfirst,pink-right,pen,1,3,R,L,1
76,3,three,1,penfirst,pink-right,pen,1,4,L,L,0
76,3,three,1,penfirst,pink-right,pen,1,5,R,L,1
76,3,three,1,penfirst,pink-right,pen,1,6,L,L,0
76,3,three,1,penfirst,pink-right,pen,1,7,L,R,1
76,3,three,1,penfirst,pink-right,pen,1,8,R,R,0
76,3,three,1,penfirst,pink-right,sticker,2,1,R,L,0
76,3,three,1,penfirst,pink-right,sticker,2,2,L,R,0
76,3,three,1,penfirst,pink-right,sticker,2,3,L,L,1
76,3,three,1,penfirst,pink-right,sticker,2,4,R,L,0
76,3,three,1,penfirst,pink-right,sticker,2,5,R,R,1
76,3,three,1,penfirst,pink-right,sticker,2,6,L,L,1
76,3,three,1,penfirst,pink-right,sticker,2,7,R,R,1
76,3,three,1,penfirst,pink-right,sticker,2,8,L,R,0
77,3,three,1,penfirst,blue-right,pen,1,1,L,L,0
77,3,three,1,penfirst,blue-right,pen,1,2,L,R,1
77,3,three,1,penfirst,blue-right,pen,1,3,R,L,1
77,3,three,1,penfirst,blue-right,pen,1,4,L,R,1
77,3,three,1,penfirst,blue-right,pen,1,5,R,R,0
77,3,three,1,penfirst,blue-right,pen,1,6,R,R,0
77,3,three,1,penfirst,blue-right,pen,1,7,L,L,0
77,3,three,1,penfirst,blue-right,pen,1,8,R,L,1
77,3,three,1,penfirst,blue-right,sticker,2,1,R,L,0
77,3,three,1,penfirst,blue-right,sticker,2,2,L,L,1
77,3,three,1,penfirst,blue-right,sticker,2,3,R,R,1
77,3,three,1,penfirst,blue-right,sticker,2,4,L,L,1
77,3,three,1,penfirst,blue-right,sticker,2,5,R,L,0
77,3,three,1,penfirst,blue-right,sticker,2,6,L,L,1
77,3,three,1,penfirst,blue-right,sticker,2,7,L,R,0
77,3,three,1,penfirst,blue-right,sticker,2,8,R,L,0
78,4,four,1,stickerfirst,blue-right,pen,2,1,R,R,0
78,4,four,1,stickerfirst,blue-right,pen,2,2,L,L,0
78,4,four,1,stickerfirst,blue-right,pen,2,3,R,R,0
78,4,four,1,stickerfirst,blue-right,pen,2,4,L,L,0
78,4,four,1,stickerfirst,blue-right,pen,2,5,R,L,1
78,4,four,1,stickerfirst,blue-right,pen,2,6,L,R,1
78,4,four,1,stickerfirst,blue-right,pen,2,7,L,R,1
78,4,four,1,stickerfirst,blue-right,pen,2,8,R,R,0
78,4,four,1,stickerfirst,blue-right,sticker,1,1,L,R,0
78,4,four,1,stickerfirst,blue-right,sticker,1,2,L,L,1
78,4,four,1,stickerfirst,blue-right,sticker,1,3,R,R,1
78,4,four,1,stickerfirst,blue-right,sticker,1,4,L,L,1
78,4,four,1,stickerfirst,blue-right,sticker,1,5,R,L,0
78,4,four,1,stickerfirst,blue-right,sticker,1,6,R,L,0
78,4,four,1,stickerfirst,blue-right,sticker,1,7,L,R,0
78,4,four,1,stickerfirst,blue-right,sticker,1,8,R,L,0
80,4,four,1,stickerfirst,blue-right,pen,2,1,R,L,1
80,4,four,1,stickerfirst,blue-right,pen,2,2,L,R,1
80,4,four,1,stickerfirst,blue-right,pen,2,3,L,R,1
80,4,four,1,stickerfirst,blue-right,pen,2,4,R,L,1
80,4,four,1,stickerfirst,blue-right,pen,2,5,R,L,1
80,4,four,1,stickerfirst,blue-right,pen,2,6,L,R,1
80,4,four,1,stickerfirst,blue-right,pen,2,7,R,L,1
80,4,four,1,stickerfirst,blue-right,pen,2,8,L,R,1
80,4,four,1,stickerfirst,blue-right,sticker,1,1,L,L,1
80,4,four,1,stickerfirst,blue-right,sticker,1,2,R,R,1
80,4,four,1,stickerfirst,blue-right,sticker,1,3,R,R,1
80,4,four,1,stickerfirst,blue-right,sticker,1,4,L,L,1
80,4,four,1,stickerfirst,blue-right,sticker,1,5,R,R,1
80,4,four,1,stickerfirst,blue-right,sticker,1,6,L,L,1
80,4,four,1,stickerfirst,blue-right,sticker,1,7,L,L,1
80,4,four,1,stickerfirst,blue-right,sticker,1,8,R,R,1
82,4,four,1,stickerfirst,pink-right,pen,2,1,R,L,1
82,4,four,1,stickerfirst,pink-right,pen,2,2,L,R,1
82,4,four,1,stickerfirst,pink-right,pen,2,3,R,L,1
82,4,four,1,stickerfirst,pink-right,pen,2,4,L,R,1
82,4,four,1,stickerfirst,pink-right,pen,2,5,R,R,0
82,4,four,1,stickerfirst,pink-right,pen,2,6,L,L,0
82,4,four,1,stickerfirst,pink-right,pen,2,7,L,L,0
82,4,four,1,stickerfirst,pink-right,pen,2,8,R,L,1
82,4,four,1,stickerfirst,pink-right,sticker,1,1,L,R,0
82,4,four,1,stickerfirst,pink-right,sticker,1,2,L,L,1
82,4,four,1,stickerfirst,pink-right,sticker,1,3,R,L,0
82,4,four,1,stickerfirst,pink-right,sticker,1,4,L,L,1
82,4,four,1,stickerfirst,pink-right,sticker,1,5,R,R,1
82,4,four,1,stickerfirst,pink-right,sticker,1,6,R,L,0
82,4,four,1,stickerfirst,pink-right,sticker,1,7,L,R,0
82,4,four,1,stickerfirst,pink-right,sticker,1,8,R,L,0
83,4,four,2,penfirst,blue-right,pen,1,1,L,R,1
83,4,four,2,penfirst,blue-right,pen,1,2,R,L,1
83,4,four,2,penfirst,blue-right,pen,1,3,R,L,1
83,4,four,2,penfirst,blue-right,pen,1,4,L,R,1
83,4,four,2,penfirst,blue-right,pen,1,5,R,L,1
83,4,four,2,penfirst,blue-right,pen,1,6,L,R,1
83,4,four,2,penfirst,blue-right,pen,1,7,L,L,0
83,4,four,2,penfirst,blue-right,pen,1,8,R,L,1
83,4,four,2,penfirst,blue-right,sticker,2,1,R,L,0
83,4,four,2,penfirst,blue-right,sticker,2,2,L,L,1
83,4,four,2,penfirst,blue-right,sticker,2,3,L,R,0
83,4,four,2,penfirst,blue-right,sticker,2,4,R,R,1
83,4,four,2,penfirst,blue-right,sticker,2,5,R,R,1
83,4,four,2,penfirst,blue-right,sticker,2,6,L,L,1
83,4,four,2,penfirst,blue-right,sticker,2,7,R,R,1
83,4,four,2,penfirst,blue-right,sticker,2,8,L,L,1
84,4,four,2,penfirst,blue-right,pen,1,1,L,R,1
84,4,four,2,penfirst,blue-right,pen,1,2,R,L,1
84,4,four,2,penfirst,blue-right,pen,1,3,R,L,1
84,4,four,2,penfirst,blue-right,pen,1,4,L,R,1
84,4,four,2,penfirst,blue-right,pen,1,5,R,L,1
84,4,four,2,penfirst,blue-right,pen,1,6,L,R,1
84,4,four,2,penfirst,blue-right,pen,1,7,L,R,1
84,4,four,2,penfirst,blue-right,pen,1,8,R,L,1
84,4,four,2,penfirst,blue-right,sticker,2,1,R,R,1
84,4,four,2,penfirst,blue-right,sticker,2,2,L,L,1
84,4,four,2,penfirst,blue-right,sticker,2,3,L,L,1
84,4,four,2,penfirst,blue-right,sticker,2,4,R,R,1
84,4,four,2,penfirst,blue-right,sticker,2,5,R,R,1
84,4,four,2,penfirst,blue-right,sticker,2,6,L,L,1
84,4,four,2,penfirst,blue-right,sticker,2,7,R,R,1
84,4,four,2,penfirst,blue-right,sticker,2,8,L,L,1
85,5,five,1,penfirst,pink-right,pen,1,1,L,R,1
85,5,five,1,penfirst,pink-right,pen,1,2,R,L,1
85,5,five,1,penfirst,pink-right,pen,1,3,R,R,0
85,5,five,1,penfirst,pink-right,pen,1,4,L,R,1
85,5,five,1,penfirst,pink-right,pen,1,5,R,L,1
85,5,five,1,penfirst,pink-right,pen,1,6,L,R,1
85,5,five,1,penfirst,pink-right,pen,1,7,L,L,0
85,5,five,1,penfirst,pink-right,pen,1,8,R,L,1
85,5,five,1,penfirst,pink-right,sticker,2,1,R,R,1
85,5,five,1,penfirst,pink-right,sticker,2,2,L,L,1
85,5,five,1,penfirst,pink-right,sticker,2,3,L,R,0
85,5,five,1,penfirst,pink-right,sticker,2,4,R,R,1
85,5,five,1,penfirst,pink-right,sticker,2,5,R,L,0
85,5,five,1,penfirst,pink-right,sticker,2,6,L,L,1
85,5,five,1,penfirst,pink-right,sticker,2,7,R,R,1
85,5,five,1,penfirst,pink-right,sticker,2,8,L,L,1
87,4,four,2,stickerfirst,blue-right,pen,2,1,R,L,1
87,4,four,2,stickerfirst,blue-right,pen,2,2,L,R,1
87,4,four,2,stickerfirst,blue-right,pen,2,3,L,R,1
87,4,four,2,stickerfirst,blue-right,pen,2,4,R,L,1
87,4,four,2,stickerfirst,blue-right,pen,2,5,R,L,1
87,4,four,2,stickerfirst,blue-right,pen,2,6,L,R,1
87,4,four,2,stickerfirst,blue-right,pen,2,7,R,L,1
87,4,four,2,stickerfirst,blue-right,pen,2,8,L,R,1
87,4,four,2,stickerfirst,blue-right,sticker,1,1,L,L,1
87,4,four,2,stickerfirst,blue-right,sticker,1,2,R,R,1
87,4,four,2,stickerfirst,blue-right,sticker,1,3,R,R,1
87,4,four,2,stickerfirst,blue-right,sticker,1,4,L,L,1
87,4,four,2,stickerfirst,blue-right,sticker,1,5,R,R,1
87,4,four,2,stickerfirst,blue-right,sticker,1,6,L,L,1
87,4,four,2,stickerfirst,blue-right,sticker,1,7,L,L,1
87,4,four,2,stickerfirst,blue-right,sticker,1,8,R,R,1
88,5,five,1,stickerfirst,pink-right,pen,2,1,R,L,1
88,5,five,1,stickerfirst,pink-right,pen,2,2,L,R,1
88,5,five,1,stickerfirst,pink-right,pen,2,3,R,L,1
88,5,five,1,stickerfirst,pink-right,pen,2,4,L,L,0
88,5,five,1,stickerfirst,pink-right,pen,2,5,R,L,1
88,5,five,1,stickerfirst,pink-right,pen,2,6,L,R,1
88,5,five,1,stickerfirst,pink-right,pen,2,7,L,R,1
88,5,five,1,stickerfirst,pink-right,pen,2,8,R,L,1
88,5,five,1,stickerfirst,pink-right,sticker,1,1,L,L,1
88,5,five,1,stickerfirst,pink-right,sticker,1,2,L,L,1
88,5,five,1,stickerfirst,pink-right,sticker,1,3,R,R,1
88,5,five,1,stickerfirst,pink-right,sticker,1,4,L,L,1
88,5,five,1,stickerfirst,pink-right,sticker,1,5,R,R,1
88,5,five,1,stickerfirst,pink-right,sticker,1,6,R,R,1
88,5,five,1,stickerfirst,pink-right,sticker,1,7,L,L,1
88,5,five,1,stickerfirst,pink-right,sticker,1,8,R,R,1
89,4,four,2,penfirst,blue-right,pen,1,1,L,L,0
89,4,four,2,penfirst,blue-right,pen,1,2,R,R,0
89,4,four,2,penfirst,blue-right,pen,1,3,R,R,0
89,4,four,2,penfirst,blue-right,pen,1,4,L,L,0
89,4,four,2,penfirst,blue-right,pen,1,5,R,R,0
89,4,four,2,penfirst,blue-right,pen,1,6,L,R,1
89,4,four,2,penfirst,blue-right,pen,1,7,L,L,0
89,4,four,2,penfirst,blue-right,pen,1,8,R,R,0
89,4,four,2,penfirst,blue-right,sticker,2,1,R,L,0
89,4,four,2,penfirst,blue-right,sticker,2,2,L,L,1
89,4,four,2,penfirst,blue-right,sticker,2,3,L,L,1
89,4,four,2,penfirst,blue-right,sticker,2,4,R,L,0
89,4,four,2,penfirst,blue-right,sticker,2,5,R,R,1
89,4,four,2,penfirst,blue-right,sticker,2,6,L,R,0
89,4,four,2,penfirst,blue-right,sticker,2,7,R,L,0
89,4,four,2,penfirst,blue-right,sticker,2,8,L,L,1
90,3,three,2,penfirst,blue-right,pen,1,1,L,L,0
90,3,three,2,penfirst,blue-right,pen,1,2,L,R,1
90,3,three,2,penfirst,blue-right,pen,1,3,R,L,1
90,3,three,2,penfirst,blue-right,pen,1,4,L,R,1
90,3,three,2,penfirst,blue-right,pen,1,5,R,R,0
90,3,three,2,penfirst,blue-right,pen,1,6,L,R,1
90,3,three,2,penfirst,blue-right,pen,1,7,L,L,0
90,3,three,2,penfirst,blue-right,pen,1,8,R,L,1
90,3,three,2,penfirst,blue-right,sticker,2,1,R,R,1
90,3,three,2,penfirst,blue-right,sticker,2,2,L,R,0
90,3,three,2,penfirst,blue-right,sticker,2,3,L,R,0
90,3,three,2,penfirst,blue-right,sticker,2,4,R,R,1
90,3,three,2,penfirst,blue-right,sticker,2,5,R,L,0
90,3,three,2,penfirst,blue-right,sticker,2,6,L,R,0
90,3,three,2,penfirst,blue-right,sticker,2,7,R,L,0
90,3,three,2,penfirst,blue-right,sticker,2,8,L,R,0
91,5,five,2,penfirst,blue-right,pen,1,1,L,L,0
91,5,five,2,penfirst,blue-right,pen,1,2,L,L,0
91,5,five,2,penfirst,blue-right,pen,1,3,R,R,0
91,5,five,2,penfirst,blue-right,pen,1,4,L,R,1
91,5,five,2,penfirst,blue-right,pen,1,5,R,L,1
91,5,five,2,penfirst,blue-right,pen,1,6,R,L,1
91,5,five,2,penfirst,blue-right,pen,1,7,L,R,1
91,5,five,2,penfirst,blue-right,pen,1,8,R,L,1
91,5,five,2,penfirst,blue-right,sticker,2,1,R,R,1
91,5,five,2,penfirst,blue-right,sticker,2,2,L,L,1
91,5,five,2,penfirst,blue-right,sticker,2,3,R,R,1
91,5,five,2,penfirst,blue-right,sticker,2,4,L,L,1
91,5,five,2,penfirst,blue-right,sticker,2,5,R,R,1
91,5,five,2,penfirst,blue-right,sticker,2,6,L,L,1
91,5,five,2,penfirst,blue-right,sticker,2,7,L,L,1
91,5,five,2,penfirst,blue-right,sticker,2,8,R,R,1
92,5,five,1,stickerfirst,pink-right,pen,2,1,R,L,1
92,5,five,1,stickerfirst,pink-right,pen,2,2,L,R,1
92,5,five,1,stickerfirst,pink-right,pen,2,3,L,L,0
92,5,five,1,stickerfirst,pink-right,pen,2,4,R,L,1
92,5,five,1,stickerfirst,pink-right,pen,2,5,R,L,1
92,5,five,1,stickerfirst,pink-right,pen,2,6,L,R,1
92,5,five,1,stickerfirst,pink-right,pen,2,7,R,L,1
92,5,five,1,stickerfirst,pink-right,pen,2,8,L,R,1
92,5,five,1,stickerfirst,pink-right,sticker,1,1,L,L,1
92,5,five,1,stickerfirst,pink-right,sticker,1,2,R,R,1
92,5,five,1,stickerfirst,pink-right,sticker,1,3,R,R,1
92,5,five,1,stickerfirst,pink-right,sticker,1,4,L,L,1
92,5,five,1,stickerfirst,pink-right,sticker,1,5,R,R,1
92,5,five,1,stickerfirst,pink-right,sticker,1,6,L,L,1
92,5,five,1,stickerfirst,pink-right,sticker,1,7,L,L,1
92,5,five,1,stickerfirst,pink-right,sticker,1,8,R,R,1
94,4,four,2,stickerfirst,pink-right,pen,2,1,R,R,0
94,4,four,2,stickerfirst,pink-right,pen,2,2,L,L,0
94,4,four,2,stickerfirst,pink-right,pen,2,3,R,R,0
94,4,four,2,stickerfirst,pink-right,pen,2,4,L,R,1
94,4,four,2,stickerfirst,pink-right,pen,2,5,R,L,1
94,4,four,2,stickerfirst,pink-right,pen,2,6,L,L,0
94,4,four,2,stickerfirst,pink-right,pen,2,7,L,R,1
94,4,four,2,stickerfirst,pink-right,pen,2,8,R,L,1
94,4,four,2,stickerfirst,pink-right,sticker,1,1,L,L,1
94,4,four,2,stickerfirst,pink-right,sticker,1,2,L,L,1
94,4,four,2,stickerfirst,pink-right,sticker,1,3,R,L,0
94,4,four,2,stickerfirst,pink-right,sticker,1,4,L,L,1
94,4,four,2,stickerfirst,pink-right,sticker,1,5,R,R,1
94,4,four,2,stickerfirst,pink-right,sticker,1,6,R,R,1
94,4,four,2,stickerfirst,pink-right,sticker,1,7,L,L,1
94,4,four,2,stickerfirst,pink-right,sticker,1,8,R,R,1
96,3,three,1,penfirst,pink-right,pen,1,1,L,R,1
96,3,three,1,penfirst,pink-right,pen,1,2,L,L,0
96,3,three,1,penfirst,pink-right,pen,1,3,R,L,1
96,3,three,1,penfirst,pink-right,pen,1,4,L,L,0
96,3,three,1,penfirst,pink-right,pen,1,5,R,L,1
96,3,three,1,penfirst,pink-right,pen,1,6,R,R,0
96,3,three,1,penfirst,pink-right,pen,1,7,L,R,1
96,3,three,1,penfirst,pink-right,pen,1,8,R,R,0
96,3,three,1,penfirst,pink-right,sticker,2,1,R,R,1
96,3,three,1,penfirst,pink-right,sticker,2,2,L,R,0
96,3,three,1,penfirst,pink-right,sticker,2,3,R,R,1
96,3,three,1,penfirst,pink-right,sticker,2,4,L,R,0
96,3,three,1,penfirst,pink-right,sticker,2,5,R,R,1
96,3,three,1,penfirst,pink-right,sticker,2,6,L,R,0
96,3,three,1,penfirst,pink-right,sticker,2,7,L,R,0
96,3,three,1,penfirst,pink-right,sticker,2,8,R,R,1
97,5,five,1,penfirst,blue-right,pen,1,1,L,R,1
97,5,five,1,penfirst,blue-right,pen,1,2,L,R,1
97,5,five,1,penfirst,blue-right,pen,1,3,R,L,1
97,5,five,1,penfirst,blue-right,pen,1,4,L,R,1
97,5,five,1,penfirst,blue-right,pen,1,5,R,L,1
97,5,five,1,penfirst,blue-right,pen,1,6,R,L,1
97,5,five,1,penfirst,blue-right,pen,1,7,L,R,1
97,5,five,1,penfirst,blue-right,pen,1,8,R,L,1
97,5,five,1,penfirst,blue-right,sticker,2,1,R,R,1
97,5,five,1,penfirst,blue-right,sticker,2,2,L,L,1
97,5,five,1,penfirst,blue-right,sticker,2,3,R,R,1
97,5,five,1,penfirst,blue-right,sticker,2,4,L,L,1
97,5,five,1,penfirst,blue-right,sticker,2,5,R,R,1
97,5,five,1,penfirst,blue-right,sticker,2,6,L,L,1
97,5,five,1,penfirst,blue-right,sticker,2,7,L,L,1
97,5,five,1,penfirst,blue-right,sticker,2,8,R,R,1
98,3,three,2,penfirst,pink-right,pen,1,1,L,L,0
98,3,three,2,penfirst,pink-right,pen,1,2,L,R,1
98,3,three,2,penfirst,pink-right,pen,1,3,R,L,1
98,3,three,2,penfirst,pink-right,pen,1,4,L,R,1
98,3,three,2,penfirst,pink-right,pen,1,5,R,L,1
98,3,three,2,penfirst,pink-right,pen,1,6,R,L,1
98,3,three,2,penfirst,pink-right,pen,1,7,L,L,0
98,3,three,2,penfirst,pink-right,pen,1,8,R,R,1
98,3,three,2,penfirst,pink-right,sticker,2,1,R,R,1
98,3,three,2,penfirst,pink-right,sticker,2,2,L,L,1
98,3,three,2,penfirst,pink-right,sticker,2,3,R,R,1
98,3,three,2,penfirst,pink-right,sticker,2,4,L,L,1
98,3,three,2,penfirst,pink-right,sticker,2,5,R,R,1
98,3,three,2,penfirst,pink-right,sticker,2,6,L,R,0
98,3,three,2,penfirst,pink-right,sticker,2,7,L,L,1
98,3,three,2,penfirst,pink-right,sticker,2,8,R,R,1
100,5,five,2,penfirst,pink-right,pen,1,1,L,R,1
100,5,five,2,penfirst,pink-right,pen,1,2,R,L,1
100,5,five,2,penfirst,pink-right,pen,1,3,R,L,1
100,5,five,2,penfirst,pink-right,pen,1,4,L,R,1
100,5,five,2,penfirst,pink-right,pen,1,5,R,L,1
100,5,five,2,penfirst,pink-right,pen,1,6,L,R,1
100,5,five,2,penfirst,pink-right,pen,1,7,L,R,1
100,5,five,2,penfirst,pink-right,pen,1,8,R,L,1
100,5,five,2,penfirst,pink-right,sticker,2,1,R,R,1
100,5,five,2,penfirst,pink-right,sticker,2,2,L,L,1
100,5,five,2,penfirst,pink-right,sticker,2,3,L,L,1
100,5,five,2,penfirst,pink-right,sticker,2,4,R,R,1
100,5,five,2,penfirst,pink-right,sticker,2,5,R,R,1
100,5,five,2,penfirst,pink-right,sticker,2,6,L,R,0
100,5,five,2,penfirst,pink-right,sticker,2,7,R,R,1
100,5,five,2,penfirst,pink-right,sticker,2,8,L,L,1
103,4,four,2,penfirst,pink-right,pen,1,1,L,R,1
103,4,four,2,penfirst,pink-right,pen,1,2,L,R,1
103,4,four,2,penfirst,pink-right,pen,1,3,R,R,0
103,4,four,2,penfirst,pink-right,pen,1,4,L,R,1
103,4,four,2,penfirst,pink-right,pen,1,5,R,L,1
103,4,four,2,penfirst,pink-right,pen,1,6,R,L,1
103,4,four,2,penfirst,pink-right,pen,1,7,L,R,1
103,4,four,2,penfirst,pink-right,pen,1,8,R,L,1
103,4,four,2,penfirst,pink-right,sticker,2,1,R,R,1
103,4,four,2,penfirst,pink-right,sticker,2,2,L,L,1
103,4,four,2,penfirst,pink-right,sticker,2,3,R,R,1
103,4,four,2,penfirst,pink-right,sticker,2,4,L,L,1
103,4,four,2,penfirst,pink-right,sticker,2,5,R,R,1
103,4,four,2,penfirst,pink-right,sticker,2,6,L,R,0
103,4,four,2,penfirst,pink-right,sticker,2,7,L,L,1
103,4,four,2,penfirst,pink-right,sticker,2,8,R,R,1
105,5,five,1,penfirst,pink-right,pen,1,1,L,,1
105,5,five,1,penfirst,pink-right,pen,1,2,R,,1
105,5,five,1,penfirst,pink-right,pen,1,3,R,,1
105,5,five,1,penfirst,pink-right,pen,1,4,L,,1
105,5,five,1,penfirst,pink-right,pen,1,5,R,,0
105,5,five,1,penfirst,pink-right,pen,1,6,L,,0
105,5,five,1,penfirst,pink-right,pen,1,7,L,,1
105,5,five,1,penfirst,pink-right,pen,1,8,R,,1
105,5,five,1,penfirst,pink-right,sticker,2,1,R,,1
105,5,five,1,penfirst,pink-right,sticker,2,2,L,,1
105,5,five,1,penfirst,pink-right,sticker,2,3,L,,1
105,5,five,1,penfirst,pink-right,sticker,2,4,R,,1
105,5,five,1,penfirst,pink-right,sticker,2,5,R,,1
105,5,five,1,penfirst,pink-right,sticker,2,6,L,,1
105,5,five,1,penfirst,pink-right,sticker,2,7,R,,1
105,5,five,1,penfirst,pink-right,sticker,2,8,L,,1
106,5,five,1,stickerfirst,pink-right,pen,2,1,R,,1
106,5,five,1,stickerfirst,pink-right,pen,2,2,L,,1
106,5,five,1,stickerfirst,pink-right,pen,2,3,L,,1
106,5,five,1,stickerfirst,pink-right,pen,2,4,R,,1
106,5,five,1,stickerfirst,pink-right,pen,2,5,R,,1
106,5,five,1,stickerfirst,pink-right,pen,2,6,L,,1
106,5,five,1,stickerfirst,pink-right,pen,2,7,R,,1
106,5,five,1,stickerfirst,pink-right,pen,2,8,L,,1
106,5,five,1,stickerfirst,pink-right,sticker,1,1,L,,1
106,5,five,1,stickerfirst,pink-right,sticker,1,2,R,,1
106,5,five,1,stickerfirst,pink-right,sticker,1,3,R,,1
106,5,five,1,stickerfirst,pink-right,sticker,1,4,L,,1
106,5,five,1,stickerfirst,pink-right,sticker,1,5,R,,1
106,5,five,1,stickerfirst,pink-right,sticker,1,6,L,,1
106,5,five,1,stickerfirst,pink-right,sticker,1,7,L,,1
106,5,five,1,stickerfirst,pink-right,sticker,1,8,R,,1
107,3,three,1,stickerfirst,pink-right,pen,2,1,R,,0
107,3,three,1,stickerfirst,pink-right,pen,2,2,L,,1
107,3,three,1,stickerfirst,pink-right,pen,2,3,L,,1
107,3,three,1,stickerfirst,pink-right,pen,2,4,R,,0
107,3,three,1,stickerfirst,pink-right,pen,2,5,R,,0
107,3,three,1,stickerfirst,pink-right,pen,2,6,L,,1
107,3,three,1,stickerfirst,pink-right,pen,2,7,R,,0
107,3,three,1,stickerfirst,pink-right,pen,2,8,L,,1
107,3,three,1,stickerfirst,pink-right,sticker,1,1,L,,0
107,3,three,1,stickerfirst,pink-right,sticker,1,2,R,,1
107,3,three,1,stickerfirst,pink-right,sticker,1,3,R,,1
107,3,three,1,stickerfirst,pink-right,sticker,1,4,L,,0
107,3,three,1,stickerfirst,pink-right,sticker,1,5,R,,1
107,3,three,1,stickerfirst,pink-right,sticker,1,6,L,,0
107,3,three,1,stickerfirst,pink-right,sticker,1,7,L,,0
107,3,three,1,stickerfirst,pink-right,sticker,1,8,R,,1
